Constituency Code,Constituency,選區,Candidate Number,Name of Candidate,候選人姓名,No. of Votes Received,Result
A01,CHUNG WAN,中環,1,HUI CHI FUNG,許智峯,1090,1
A01,CHUNG WAN,中環,2,LAU WAI YAN VIENNA,劉尉欣,940,0
A02,MID LEVELS EAST,半山東,1,NG SIU HONG,吳兆康,1521,1
A02,MID LEVELS EAST,半山東,2,CHEUNG YICK HUNG JACKIE,張翼雄,1466,0
A03,CASTLE ROAD,衛城,1,CHENG LAI KING,鄭麗琼,1457,1
A03,CASTLE ROAD,衛城,2,NG LUNG FEI,吳龍飛,1311,0
A04,PEAK,山頂,1,CHAN SHU MOON,陳樹滿,317,0
A04,PEAK,山頂,2,CHAN HO LIM JOSEPH,陳浩濂,1837,1
A05,UNIVERSITY,大學,1,LAU EDWARD WAI TAK,劉偉德,1455,0
A05,UNIVERSITY,大學,2,CHAN CHIT KWAI,陳㨗貴,1844,1
A06,KENNEDY TOWN & MOUNT DAVIS,堅摩,1,SIN CHEUK NAM,冼卓嵐,1072,0
A06,KENNEDY TOWN & MOUNT DAVIS,堅摩,2,CHOW SAI KIT,周世傑,838,0
A06,KENNEDY TOWN & MOUNT DAVIS,堅摩,3,CHAN HOK FUNG,陳學鋒,1859,1
A07,KWUN LUNG,觀龍,1,LEUNG CHUNG HANG SIXTUS,梁頌恆,1569,0
A07,KWUN LUNG,觀龍,2,YEUNG HOI WING,楊開永,2491,1
A08,SAI WAN,西環,1,CHONG WING FAI WINFIELD,莊榮輝,1898,0
A08,SAI WAN,西環,2,CHEUNG KWOK KWAN,張國鈞,2011,1
A09,BELCHER,寶翠,1,YIP WING SHING,葉永成,2397,1
A09,BELCHER,寶翠,2,YEUNG SUI YIN,楊浩然,2328,0
A10,SHEK TONG TSUI,石塘咀,1,YIP KAM LUNG SAM,葉錦龍,1336,0
A10,SHEK TONG TSUI,石塘咀,2,CHAN CHOI HI,陳財喜,1898,1
A11,SAI YING PUN,西營盤,1,LO YEE HANG,盧懿杏,1790,1
A11,SAI YING PUN,西營盤,2,NG WING TAK,伍永德,1204,0
A12,SHEUNG WAN,上環,1,LUI HUNG PAN,呂鴻賓,1344,0
A12,SHEUNG WAN,上環,2,KAM NAI WAI,甘乃威,1436,1
A13,TUNG WAH,東華,1,SIU KA YI,蕭嘉怡,1352,1
A13,TUNG WAH,東華,2,HO CHUN KI FREDERICK,何俊麒,980,0
A14,CENTRE STREET,正街,1,CHEUNG KAI YIN,張啟昕,1621,0
A14,CENTRE STREET,正街,2,LEE CHI HANG SIDNEY,李志恒,1654,1
A15,WATER STREET,水街,1,YEUNG HOK MING,楊學明,1878,1
A15,WATER STREET,水街,2,NG HOI YAN BONNIE,伍凱欣,1619,0
B01,HENNESSY,軒尼詩,1,CHENG KI KIN,鄭其建,1590,1
B01,HENNESSY,軒尼詩,2,CHEONG MAN LEI,張曼莉,760,0
B02,OI KWAN,愛群,1,WONG SUI LUNG,黃瑞龍,915,0
B02,OI KWAN,愛群,2,TANG KING YUNG ANNA,鄭琴淵,1367,1
B03,CANAL ROAD,鵝頸,1,HO GLORIA WING KA,何詠嘉,723,0
B03,CANAL ROAD,鵝頸,2,CHUNG KA MAN JACQUELINE,鍾嘉敏,1018,1
B04,VICTORIA PARK,維園,,CHOW KIT BING JENNIFER,周潔冰,0,2
B05,TIN HAU,天后,1,LEE MAN LUNG JOEY,李文龍,2236,1
B05,TIN HAU,天后,2,CHAN KIN KWOK,陳建國,1021,0
B06,CAUSEWAY BAY,銅鑼灣,,NG YUEN TING YOLANDA,伍婉婷,0,2
B07,TAI HANG,大坑,1,WONG CHING CHI GIGI,王政芝,1148,0
B07,TAI HANG,大坑,2,YEUNG SUET YING CLARISSE,楊雪盈,1398,1
B08,JARDINE'S LOOKOUT,渣甸山,1,LAM WAI MAN WIND,林偉文,1479,1
B08,JARDINE'S LOOKOUT,渣甸山,2,LAI DAVID,黎大偉,1098,0
B09,BROADWOOD,樂活,1,MAK KWOK FUNG MICHAEL,麥國風,939,0
B09,BROADWOOD,樂活,2,SIU SEE KONG,蕭思江,141,0
B09,BROADWOOD,樂活,3,TSE WAI CHUN PAUL,謝偉俊,1350,1
B10,HAPPY VALLEY,跑馬地,1,NG KAM CHUN,吳錦津,1377,1
B10,HAPPY VALLEY,跑馬地,2,CHIEN KA WO KELVIN,錢家和,900,0
B11,STUBBS ROAD,司徒拔道,1,WONG WANG TAI,黃宏泰,1150,1
B11,STUBBS ROAD,司徒拔道,2,AU LAI CHONG,區麗莊,642,0
B12,SOUTHORN,修頓,1,YEUNG YAU FUNG,楊幼峰,437,0
B12,SOUTHORN,修頓,2,LEE PIK YEE,李碧儀,1463,1
B13,TAI FAT HAU,大佛口,1,LEE KWUN YEE KENNY,李均頤,1505,1
B13,TAI FAT HAU,大佛口,2,LEUNG PAK KIN,梁柏堅,793,0
C01,TAI KOO SHING WEST,太古城西,1,CHIU KA YIN ANDREW,趙家賢,3362,1
C01,TAI KOO SHING WEST,太古城西,2,NG CHI LUNG,吳志隆,1268,0
C02,TAI KOO SHING EAST,太古城東,1,TSE TSZ KEI,謝子祺,2587,0
C02,TAI KOO SHING EAST,太古城東,2,WONG CHUN SING PATRICK,王振星,2674,1
C03,LEI KING WAN,鯉景灣,1,WONG HUK KAM,王學今,1612,0
C03,LEI KING WAN,鯉景灣,2,YEUNG SZE CHUN,楊斯竣,2008,1
C03,LEI KING WAN,鯉景灣,3,FU YUEN CHEUNG ALEXANDER,傅元章,955,0
C03,LEI KING WAN,鯉景灣,4,HO CHIU KWONG PAUL,何超光,211,0
C04,ALDRICH BAY,愛秩序灣,1,NGAN CHUN LIM,顏尊廉,2720,1
C04,ALDRICH BAY,愛秩序灣,2,CHAN KAR PAK,陳嘉栢,2401,0
C05,SHAUKEIWAN,筲箕灣,1,LEUNG WING SZE,梁詠詩,1429,0
C05,SHAUKEIWAN,筲箕灣,2,LAM SUM LIM,林心亷,1444,1
C05,SHAUKEIWAN,筲箕灣,3,POON WING YIN,潘詠妍,107,0
C06,A KUNG NGAM,阿公岩,1,TO BOON MAN DANIEL,杜本文,1696,0
C06,A KUNG NGAM,阿公岩,2,LAM KEI TUNG GEORGE,林其東,1810,1
C06,A KUNG NGAM,阿公岩,3,HUNG CHI KIT,洪志傑,1112,0
C07,HENG FA CHUEN,杏花邨,1,YEUNG WAI HONG,楊偉康,610,0
C07,HENG FA CHUEN,杏花邨,2,CHOW WING YEE,周詠儀,2025,0
C07,HENG FA CHUEN,杏花邨,3,HO NGAI KAM STANLEY,何毅淦,3642,1
C08,TSUI WAN,翠灣,1,KU KWAI YIU,古桂耀,1629,1
C08,TSUI WAN,翠灣,2,WAN TSZ FUNG JEFF,尹梓烽,69,0
C08,TSUI WAN,翠灣,3,KWAN SHUI LUNG,關瑞龍,1572,0
C08,TSUI WAN,翠灣,4,LAI LEUNG SIU KWAN,黎梁笑群,1181,0
C09,YAN LAM,欣藍,,WONG KIN HING,黃健興,0,2
C10,SIU SAI WAN,小西灣,1,WONG KWOK HING,王國興,1981,1
C10,SIU SAI WAN,小西灣,2,CHU YAT ON,朱日安,783,0
C10,SIU SAI WAN,小西灣,3,TAM TAK CHI,譚得志,1229,0
C11,KING YEE,景怡,1,WONG KWAN FUNG,黃群峰,195,0
C11,KING YEE,景怡,2,YEUNG HON SING,楊漢成,1950,0
C11,KING YEE,景怡,3,CHAN YIU TAK,陳耀德,930,0
C11,KING YEE,景怡,4,LEUNG KWOK HUNG DAVID,梁國鴻,2257,1
C12,WAN TSUI,環翠,1,NG YIN KEUNG,吳彥強,1436,0
C12,WAN TSUI,環翠,2,KUNG PAK CHEUNG,龔栢祥,2227,1
C13,FEI TSUI,翡翠,1,LI LEE,李莉,1797,0
C13,FEI TSUI,翡翠,2,LAI CHI KEONG JOSEPH,黎志強,2314,1
C13,FEI TSUI,翡翠,3,LUI CHI MAN,呂志文,114,0
C14,MOUNT PARKER,柏架山,,WONG KIN PAN,黃建彬,0,2
C15,BRAEMAR HILL,寶馬山,,SHIU KA FAI,邵家輝,0,2
C16,FORTRESS HILL,炮台山,,LO WING KWAN FRANKIE,羅榮焜,0,2
C17,CITY GARDEN,城市花園,,HUI CHING ON,許清安,0,2
C18,PROVIDENT,和富,,KWOK WAI KEUNG,郭偉强,0,2
C19,FORT STREET,堡壘,,HUNG LIN CHAM,洪連杉,0,2
C20,KAM PING,錦屏,,CHOY SO YUK,蔡素玉,0,2
C21,TANNER,丹拿,1,CHENG TAT HUNG,鄭達鴻,2338,1
C21,TANNER,丹拿,2,TSANG CHEUK YI,曾卓兒,2039,0
C22,HEALTHY VILLAGE,健康村,,CHENG CHI SING,鄭志成,0,2
C23,QUARRY BAY,鰂魚涌,1,IP CHEE TAK,葉智德,1010,0
C23,QUARRY BAY,鰂魚涌,2,TING KONG HO EDDIE,丁江浩,1656,1
C24,NAM FUNG,南豐,1,YANG MO,楊默,1182,0
C24,NAM FUNG,南豐,2,LI CHAK SUM,李澤深,42,0
C24,NAM FUNG,南豐,3,CHEUNG KWOK CHEONG,張國昌,3343,1
C25,KORNHILL,康怡,1,WONG PO YI,黃寶兒,29,0
C25,KORNHILL,康怡,2,LEUNG WING MAN,梁穎敏,2535,1
C25,KORNHILL,康怡,3,HUNG LUNG CHUEN,洪龍荃,2443,0
C26,KORNHILL GARDEN,康山,1,KONG YUK FOON DOREEN,江玉歡,1814,0
C26,KORNHILL GARDEN,康山,2,LEUNG SIU SUN,梁兆新,2384,1
C27,HING TUNG,興東,1,TSANG KWOK FAI,曾國輝,2808,0
C27,HING TUNG,興東,2,HUI LAM HING,許林慶,3310,1
C28,SAI WAN HO,西灣河,1,KONG CHACK HO,江澤濠,1956,0
C28,SAI WAN HO,西灣河,2,MAK TAK CHING,麥德正,2222,1
C29,LOWER YIU TUNG,下耀東,1,WONG CHI CHUNG,王志鍾,1658,1
C29,LOWER YIU TUNG,下耀東,2,NG KAM WAI,吳錦偉,977,0
C29,LOWER YIU TUNG,下耀東,3,WONG SZE CHIN RICKY,王詩展,992,0
C30,UPPER YIU TUNG,上耀東,,CHIU CHI KEUNG,趙資強,0,2
C31,HING MAN,興民,1,CHEUNG CHUN PONG,張駿邦,1391,0
C31,HING MAN,興民,2,LAU HING YEUNG,劉慶揚,2470,1
C32,LOK HONG,樂康,1,TSANG KIN SHING,曾健成,1969,0
C32,LOK HONG,樂康,2,LUN MAN KIT,倫文傑,48,0
C32,LOK HONG,樂康,3,LI CHUN CHAU,李進秋,2396,1
C33,TSUI TAK,翠德,1,LEE CHUN KEUNG,李鎮強,2351,1
C33,TSUI TAK,翠德,2,LI KIN HANG,李健恆,979,0
C34,YUE WAN,漁灣,1,CHUNG SHU KUN CHRISTOPHER,鍾樹根,1863,0
C34,YUE WAN,漁灣,2,CHUI CHI KIN,徐子見,2026,1
C35,KAI HIU,佳曉,1,CHIK KIT LING ELAINE,植潔鈴,1514,0
C35,KAI HIU,佳曉,2,LAM CHUI LIN,林翠蓮,2241,1
D01,ABERDEEN,香港仔,1,MAN HO KEUNG ZICO,文豪強,1598,0
D01,ABERDEEN,香港仔,2,LEE KIT HING,李傑興,621,0
D01,ABERDEEN,香港仔,3,YAM PAULINE,任葆琳,1936,1
D01,ABERDEEN,香港仔,4,HO WAI CHUN,何偉俊,226,0
D02,AP LEI CHAU ESTATE,鴨脷洲邨,,LAM YUK CHUN,林玉珍,0,2
D03,AP LEI CHAU NORTH,鴨脷洲北,1,LEUNG KWOK KEUNG,梁國強,755,0
D03,AP LEI CHAU NORTH,鴨脷洲北,2,CHEUNG SIK YUNG,張錫容,1556,1
D04,LEI TUNG I,利東一,1,WONG YUN KEI,黃潤基,177,0
D04,LEI TUNG I,利東一,2,LI KA YING,李嘉盈,1810,0
D04,LEI TUNG I,利東一,3,AU NOK HIN,區諾軒,3068,1
D05,LEI TUNG II,利東二,1,LO KIN HEI,羅健熙,2564,1
D05,LEI TUNG II,利東二,2,TSOI MAN LUNG TIMOTHY,蔡文龍,119,0
D05,LEI TUNG II,利東二,3,PANG SIU KEI,彭兆基,1854,0
D05,LEI TUNG II,利東二,4,TANG KA LOK,鄧嘉樂,21,0
D06,SOUTH HORIZONS EAST,海怡東,1,CHAN KA LOK,陳家洛,1845,0
D06,SOUTH HORIZONS EAST,海怡東,2,LAM KAI FAI,林啟暉,2180,1
D06,SOUTH HORIZONS EAST,海怡東,3,AU YUEN FAT JOSEPH,區元發,643,0
D07,SOUTH HORIZONS WEST,海怡西,1,YUEN MI MING ERICA,袁彌明,2245,0
D07,SOUTH HORIZONS WEST,海怡西,2,CHAN JUDY KAPUI,陳家珮,2945,1
D08,WAH KWAI,華貴,1,LAU PAK TUNG,劉栢彤,94,0
D08,WAH KWAI,華貴,2,YEUNG SIU PIK,楊小壁,2652,0
D08,WAH KWAI,華貴,3,MAK TSE HOW LING ADA,麥謝巧玲,2699,1
D09,WAH FU SOUTH,華富南,1,AU LAP SING,歐立成,1632,1
D09,WAH FU SOUTH,華富南,2,LI SHEE LIN,黎熙琳,1629,0
D10,WAH FU NORTH,華富北,1,WONG CHOI LAP,黃才立,2089,0
D10,WAH FU NORTH,華富北,2,LAW YUET WAH,羅月華,21,0
D10,WAH FU NORTH,華富北,3,CHAI MAN HON,柴文瀚,2408,1
D10,WAH FU NORTH,華富北,4,WUN KEI YAN,尹杞殷,29,0
D11,POKFULAM,薄扶林,1,YOUNG CHIT ON JEREMY,楊哲安,1144,0
D11,POKFULAM,薄扶林,2,ZIMMERMAN PAULUS JOHANNES,司馬文,1952,1
D12,CHI FU,置富,1,CHU CHING HONG,朱慶虹,2762,1
D12,CHI FU,置富,2,YIU CHUNG YIM,姚松炎,2223,0
D13,TIN WAN,田灣,,CHAN FU MING,陳富明,0,2
D14,SHEK YUE,石漁,,CHU LAP WAI,朱立威,0,2
D15,WONG CHUK HANG,黃竹坑,1,CHAN WING YAN,陳榮恩,2190,0
D15,WONG CHUK HANG,黃竹坑,2,TSUI YUEN WA,徐遠華,2645,1
D16,BAYS AREA,海灣,1,SCHAUS DAVID JOHN,SCHAUS DAVID JOHN,474,0
D16,BAYS AREA,海灣,2,FUNG SE GOUN FERGUS,馮仕耕,957,1
D17,STANLEY & SHEK O,赤柱及石澳,1,TSANG TSZ HO,曾梓濠,408,0
D17,STANLEY & SHEK O,赤柱及石澳,2,YAO JIE NING MAXINE,姚潔凝,752,0
D17,STANLEY & SHEK O,赤柱及石澳,3,LEE PUI YING,李佩英,1832,1
E01,TSIM SHA TSUI WEST,尖沙咀西,1,LAU CHI HUNG,劉志雄,828,0
E01,TSIM SHA TSUI WEST,尖沙咀西,2,HUNG CHIU WAH,孔昭華,1213,1
E02,JORDAN SOUTH,佐敦南,1,IP NGO TUNG CHRIS,葉傲冬,1531,1
E02,JORDAN SOUTH,佐敦南,2,LUI NGAR YEE JOEY,雷雅儀,524,0
E03,JORDAN WEST,佐敦西,,CHAN SIU TONG,陳少棠,0,2
E04,YAU MA TEI SOUTH,油麻地南,1,AU YEUNG TUNG,歐陽東,1298,0
E04,YAU MA TEI SOUTH,油麻地南,2,YEUNG TSZ HEI,楊子熙,2124,1
E05,CHARMING,富榮,1,LEE WAI FUNG,李偉峰,2053,0
E05,CHARMING,富榮,2,CHUNG KONG MO,鍾港武,2473,1
E06,MONG KOK WEST,旺角西,,HUI TAK LEUNG,許德亮,0,2
E07,FU PAK,富柏,1,YU TAK PO,余德寶,2859,1
E07,FU PAK,富柏,2,LAW SIU HUNG PAUL,羅少雄,1924,0
E08,OLYMPIC,奧運,1,KO HIU WING,高曉榮,1414,0
E08,OLYMPIC,奧運,2,TO KUN SUN JAMES,涂謹申,1531,1
E09,CHERRY,櫻桃,1,LAM HO YEUNG,林浩揚,858,0
E09,CHERRY,櫻桃,2,CHUNG CHAK FAI,鍾澤暉,1611,1
E09,CHERRY,櫻桃,3,NAKADE HITSUJIKO,中出羊子,172,0
E10,TAI KOK TSUI SOUTH,大角咀南,1,LAI YIU CHUN,黎耀駿,1362,0
E10,TAI KOK TSUI SOUTH,大角咀南,2,CHOI SIU FUNG BENJAMIN,蔡少峰,1608,1
E11,TAI KOK TSUI NORTH,大角咀北,1,WONG KA YING,王嘉盈,1363,0
E11,TAI KOK TSUI NORTH,大角咀北,2,LAU PAK KEI,劉柏祺,2633,1
E12,TAI NAN,大南,1,CHIU YUK KWONG,趙旭光,606,0
E12,TAI NAN,大南,2,FUNG JOSHUA MAN TAO,馮文韜,962,0
E12,TAI NAN,大南,3,CHONG WING CHARN FRANCIS,莊永燦,1424,1
E13,MONG KOK NORTH,旺角北,1,WONG SHU MING,黃舒明,1712,1
E13,MONG KOK NORTH,旺角北,2,WONG KA CHUN,黃家俊,869,0
E14,MONG KOK EAST,旺角東,1,TSE JEFFERSON KELLER,謝卓男,112,0
E14,MONG KOK EAST,旺角東,2,WONG KIN SAN,黃建新,1442,1
E14,MONG KOK EAST,旺角東,3,LAU CHUN YIP,劉俊業,1172,0
E15,MONG KOK SOUTH,旺角南,,CHOW CHUN FAI,仇振輝,0,2
E16,YAU MA TEI NORTH,油麻地北,1,MAN YUN WA,文潤華,689,0
E16,YAU MA TEI NORTH,油麻地北,2,LAM KIN MAN,林健文,1682,1
E17,EAST TSIM SHA TSUI & KING'S PARK,尖東及京士柏,1,CHAN MAN YU HENRY,陳文佑,681,0
E17,EAST TSIM SHA TSUI & KING'S PARK,尖東及京士柏,2,TANG MING SUM MICHELLE,鄧銘心,852,1
E18,TSIM SHA TSUI CENTRAL,尖沙咀中,1,LIU SIU FAI,廖少輝,486,0
E18,TSIM SHA TSUI CENTRAL,尖沙咀中,2,KWAN SAU LING,關秀玲,1099,1
E19,JORDAN NORTH,佐敦北,1,JO CHUN WAH,楊鎮華,941,1
E19,JORDAN NORTH,佐敦北,2,CHICK CHI LEUNG,戚志良,386,0
F01,PO LAI,寶麗,1,TSE HIU HUNG,謝曉虹,1664,0
F01,PO LAI,寶麗,2,LEUNG YAU FONG,梁有方,1929,1
F02,CHEUNG SHA WAN,長沙灣,1,LAM KA FAI AARON,林家輝,1491,1
F02,CHEUNG SHA WAN,長沙灣,2,LAM SHUI HUM,林瑞含,246,0
F02,CHEUNG SHA WAN,長沙灣,3,LEE MAN HO LEOS,李文浩,1307,0
F03,NAM CHEONG NORTH,南昌北,1,CHENG WING SHUN VINCENT,鄭泳舜,1461,1
F03,NAM CHEONG NORTH,南昌北,2,CHAN WING FAI JORDAN,陳永輝,796,0
F04,SHEK KIP MEI,石硤尾,1,CHAN KWOK WAI,陳國偉,2847,1
F04,SHEK KIP MEI,石硤尾,2,TSUNG PO SHAN,秦寶山,2088,0
F05,NAM CHEONG EAST,南昌東,1,HO KAI MING KALVIN,何啟明,1727,1
F05,NAM CHEONG EAST,南昌東,2,MIU HOI MING,苗凱明,1287,0
F06,NAM CHEONG SOUTH,南昌南,1,LAM WAI TONG,林偉棠,786,0
F06,NAM CHEONG SOUTH,南昌南,2,LEE WING MAN,李詠民,1544,1
F07,NAM CHEONG CENTRAL,南昌中,1,LAU PUI YUK,劉佩玉,1284,1
F07,NAM CHEONG CENTRAL,南昌中,2,MAK WAI MING,麥偉明,538,0
F08,NAM CHEONG WEST,南昌西,1,HEUNG MING HAU,香明孝,1217,0
F08,NAM CHEONG WEST,南昌西,2,WAI WOON NAM,衞煥南,1873,1
F09,FU CHEONG,富昌,1,LI KWING,李炯,2130,0
F09,FU CHEONG,富昌,2,LEUNG MAN KWONG,梁文廣,2973,1
F10,LAI KOK,麗閣,1,CHAN WING YAN,陳穎欣,2531,1
F10,LAI KOK,麗閣,2,WONG CHUNG KI ERIC,黃仲棋,215,0
F10,LAI KOK,麗閣,3,FUNG KIN KEE FREDERICK,馮檢基,2432,0
F11,FORTUNE,幸福,1,CHEUNG TAK WAI,張德偉,1898,0
F11,FORTUNE,幸福,2,CHOW WING HENG,鄒穎恒,2137,1
F12,LAI CHI KOK SOUTH,荔枝角南,1,YEUNG YUK,楊彧,3477,1
F12,LAI CHI KOK SOUTH,荔枝角南,2,TAN WIE HON DERRICK,陳威雄,1191,0
F12,LAI CHI KOK SOUTH,荔枝角南,3,MUI YU,梅宇,94,0
F13,MEI FOO SOUTH,美孚南,1,TZENG LI WEN JUDY,曾麗文,179,0
F13,MEI FOO SOUTH,美孚南,2,WONG TAK CHUEN JOE,王德全,2193,0
F13,MEI FOO SOUTH,美孚南,3,WONG TAT TUNG,黃達東,2421,1
F14,MEI FOO CENTRAL,美孚中,1,NG YUET LAN,伍月蘭,1803,1
F14,MEI FOO CENTRAL,美孚中,2,SHUM SIU HUNG,沈少雄,1675,0
F14,MEI FOO CENTRAL,美孚中,3,CHAN CHUNG KONG STEPHEN,陳松光,241,0
F15,MEI FOO NORTH,美孚北,1,CHEUNG WING SUM AMBROSE,張永森,2636,1
F15,MEI FOO NORTH,美孚北,2,LI CHUN HEI JOSHUA,李俊晞,1816,0
F16,LAI CHI KOK CENTRAL,荔枝角中,1,LI KI FUNG BRUCE,李祺逢,2229,0
F16,LAI CHI KOK CENTRAL,荔枝角中,2,YUEN HOI MAN,袁海文,2353,1
F17,LAI CHI KOK NORTH,荔枝角北,1,CHUM TAK SHING,覃德誠,1173,1
F17,LAI CHI KOK NORTH,荔枝角北,2,WU SAI CHUEN,胡世全,64,0
F17,LAI CHI KOK NORTH,荔枝角北,3,WONG KING,黃敬,877,0
F18,UN CHAU & SO UK,元州及蘇屋,1,CHAN WAI MING,陳偉明,3491,1
F18,UN CHAU & SO UK,元州及蘇屋,2,FONG CHI LUNG,方智龍,1160,0
F19,LEI CHENG UK,李鄭屋,1,KONG KWAI SANG,江貴生,2335,1
F19,LEI CHENG UK,李鄭屋,2,CHAN KENG CHAU,陳鏡秋,2124,0
F20,HA PAK TIN,下白田,1,YAN KAI WING,甄啟榮,2320,1
F20,HA PAK TIN,下白田,2,TANG MEI CHING,鄧美晶,1152,0
F21,YAU YAT TSUEN,又一村,1,CHAU DICKSON KA FAAT,周嘉發,982,0
F21,YAU YAT TSUEN,又一村,2,LEE TSZ KING DOMINIC,李梓敬,2277,1
F22,"NAM SHAN, TAI HANG TUNG & TAI HANG SAI",南山、大坑東及大坑西,1,WAI HOI YING,韋海英,1991,0
F22,"NAM SHAN, TAI HANG TUNG & TAI HANG SAI",南山、大坑東及大坑西,2,TAM KWOK KIU,譚國僑,2563,1
F22,"NAM SHAN, TAI HANG TUNG & TAI HANG SAI",南山、大坑東及大坑西,3,FOO WAI LOK,符偉樂,54,0
F23,LUNG PING & SHEUNG PAK TIN,龍坪及上白田,1,CHENG CHI HONG,鄭志康,161,0
F23,LUNG PING & SHEUNG PAK TIN,龍坪及上白田,2,LAM WAI MAN RAYMOND,林偉文,1678,0
F23,LUNG PING & SHEUNG PAK TIN,龍坪及上白田,3,NG MEI CARMAN,吳美,2454,1
G01,MA TAU WAI,馬頭圍,1,SIU TIN HUNG,邵天虹,2670,1
G01,MA TAU WAI,馬頭圍,2,MOK KA HAN ROSANDA,莫嘉嫻,2625,0
G02,MA HANG CHUNG,馬坑涌,1,WONG YUN CHEONG,黃潤昌,1618,0
G02,MA HANG CHUNG,馬坑涌,2,LAU SHU YIN,劉舒燕,148,0
G02,MA HANG CHUNG,馬坑涌,3,LAI KWONG WAI,黎廣偉,1663,1
G03,MA TAU KOK,馬頭角,1,KWAN HO YEUNG,關浩洋,1790,1
G03,MA TAU KOK,馬頭角,2,AU WING HO,區咏豪,768,0
G04,LOK MAN,樂民,1,YANG WING KIT,楊永杰,2310,1
G04,LOK MAN,樂民,2,PONG YAT MING,龐一鳴,1561,0
G05,SHEUNG LOK,常樂,1,CHAN KA LING JUDY,陳嘉玲,209,0
G05,SHEUNG LOK,常樂,2,LUK KING KWONG,陸勁光,2776,1
G05,SHEUNG LOK,常樂,3,WONG WING KIT,黃永傑,2332,0
G06,HO MAN TIN,何文田,1,CHENG LEE MING,鄭利明,2376,1
G06,HO MAN TIN,何文田,2,CHAN LAI KWAN,陳麗君,1852,0
G07,KADOORIE,嘉道理,1,WONG CHI,黃馳,1333,0
G07,KADOORIE,嘉道理,2,LAU HOK WAI,劉學威,92,0
G07,KADOORIE,嘉道理,3,SIU LEONG SING,蕭亮聲,2378,1
G08,PRINCE,太子,,TING KIN WA,丁健華,0,2
G09,KOWLOON TONG,九龍塘,,HO HIN MING,何顯明,0,2
G10,LUNG SHING,龍城,1,WONG MAN SING,王民聲,395,0
G10,LUNG SHING,龍城,2,NG PO KEUNG,吳寶強,2021,1
G11,SUNG WONG TOI,宋皇臺,1,YEUNG CHUN YU,楊振宇,2015,1
G11,SUNG WONG TOI,宋皇臺,2,IP CHI WAI ALEXANDER,葉志偉,502,0
G11,SUNG WONG TOI,宋皇臺,3,CHENG CHUN WAH GARY,鄭振華,694,0
G12,KAI TAK NORTH,啓德北,1,LEUNG YUEN TING,梁婉婷,2610,1
G12,KAI TAK NORTH,啓德北,2,LAM HEI TING MIRANDA,林希婷,73,0
G12,KAI TAK NORTH,啓德北,3,CHAN PO YUK,陳寶玉,16,0
G12,KAI TAK NORTH,啓德北,4,LI TING FUNG,李庭豐,932,0
G13,KAI TAK SOUTH,啓德南,1,HE HUAHAN,何華漢,2199,1
G13,KAI TAK SOUTH,啓德南,2,SO YEE MAN,蘇綺雯,763,0
G14,HOI SHAM,海心,1,PUN KWOK WAH,潘國華,2478,1
G14,HOI SHAM,海心,2,LEE KA WAI,李家威,654,0
G15,TO KWA WAN NORTH,土瓜灣北,1,SHUM TAI FUNG,沈泰鋒,204,0
G15,TO KWA WAN NORTH,土瓜灣北,2,LAM YI LAI,林依麗,177,0
G15,TO KWA WAN NORTH,土瓜灣北,3,LEE WAI KING STARRY,李慧琼,1544,1
G16,TO KWA WAN SOUTH,土瓜灣南,1,LAM POK,林博,1719,1
G16,TO KWA WAN SOUTH,土瓜灣南,2,CHONG LAI LING,莊麗玲,1020,0
G17,HOK YUEN LAGUNA VERDE,鶴園海逸,1,YEUNG KE CHEONG,楊繼昌,950,0
G17,HOK YUEN LAGUNA VERDE,鶴園海逸,2,YUE CHEE WING ADMOND,余志榮,1607,1
G17,HOK YUEN LAGUNA VERDE,鶴園海逸,3,SIU YUEN SHEUNG,蕭婉嫦,1139,0
G18,WHAMPOA EAST,黃埔東,1,LAW SHEK MING,羅錫明,596,0
G18,WHAMPOA EAST,黃埔東,2,LEUNG MEI FUN,梁美芬,2345,1
G18,WHAMPOA EAST,黃埔東,3,YAU WAI CHING,游蕙禎,2041,0
G19,WHAMPOA WEST,黃埔西,1,KWONG PO YIN,鄺葆賢,2114,1
G19,WHAMPOA WEST,黃埔西,2,LAU WAI WING,劉偉榮,2075,0
G20,HUNG HOM BAY,紅磡灣,1,LI CALVIN KAM CHEONG,李淦鏘,47,0
G20,HUNG HOM BAY,紅磡灣,2,FUNG KING MAN VIRGINIA,馮競文,162,0
G20,HUNG HOM BAY,紅磡灣,3,CHIU SHI SHUN,趙仕信,1740,0
G20,HUNG HOM BAY,紅磡灣,4,CHEUNG YAN HONG,張仁康,1811,1
G21,HUNG HOM,紅磡 ,1,YUM KWOK TUNG PIUS,任國棟,1173,0
G21,HUNG HOM,紅磡 ,2,LAM TAK SHING,林德成,1544,1
G21,HUNG HOM,紅磡 ,3,WONG CHI KEUNG,黃志強,31,0
G22,KA WAI,家維,,LO CHIU KIT,勞超傑,0,2
G23,OI MAN,愛民,1,NG FAN KAM,吳奮金,2806,1
G23,OI MAN,愛民,2,MA HEI PANG,馬希鵬,1547,0
G24,OI CHUN,愛俊,1,CHO WUI HUNG,左滙雄,2772,1
G24,OI CHUN,愛俊,2,CHAN YAU CHEONG,陳友昌,1842,0
H01,LUNG TSUI,龍趣,1,YEUNG MAN SEK EDMOND,楊敏碩,241,0
H01,LUNG TSUI,龍趣,2,TSANG CHEUK KUEN JACKAL,曾卓權,715,0
H01,LUNG TSUI,龍趣,3,LEE TUNG KONG,李東江,2191,1
H02,LUNG HA,龍下,1,LEE YIM HUNG,李炎雄,1446,0
H02,LUNG HA,龍下,2,KWOK SAU YING,郭秀英,2552,1
H03,LUNG SHEUNG,龍上,1,LAM MAN FAI,林文輝,2798,1
H03,LUNG SHEUNG,龍上,2,LAM WAI KEI,林偉基,1478,0
H03,LUNG SHEUNG,龍上,3,CHOW LAI CHEONG,周勵昌,204,0
H04,FUNG WONG,鳳凰,1,WONG KAM CHIU,黃錦超,1422,0
H04,FUNG WONG,鳳凰,2,CHAN YIM KWONG JOE,陳炎光,1675,1
H05,FUNG TAK,鳳德,1,KAN CHI HO,簡志豪,2766,1
H05,FUNG TAK,鳳德,2,WONG KWOK KEUNG,黃國強,2168,0
H06,LUNG SING,龍星,1,NGOK KING FUN,岳敬寬,297,0
H06,LUNG SING,龍星,2,HO WAI KUEN,何偉權,111,0
H06,LUNG SING,龍星,3,LAM JOSEPH CHOK,林作,2640,0
H06,LUNG SING,龍星,4,TAM HEUNG MAN,譚香文,2974,1
H07,SAN PO KONG,新蒲崗,1,LUI KAI LIN WENDY,雷啟蓮,3026,1
H07,SAN PO KONG,新蒲崗,2,WAT KI ON,屈奇安,1284,0
H08,TUNG TAU,東頭,1,CHEUNG PAK HANG,張百恒,1448,0
H08,TUNG TAU,東頭,2,LI TAK HONG,李德康,2710,1
H09,TUNG MEI,東美,1,SZE TAK LOY,施德來,2894,1
H09,TUNG MEI,東美,2,WONG KWOK YAN,黃國恩,1597,0
H10,LOK FU,樂富,1,YUEN YUET HING,袁月卿,981,0
H10,LOK FU,樂富,2,CHAN WAI KWAN ANDIE,陳偉坤,2232,1
H11,WANG TAU HOM,橫頭磡,,LAI WING HO JOE,黎榮浩,0,2
H12,TIN KEUNG,天強,1,LEE HO YIN RAYMOND,李浩然,2207,0
H12,TIN KEUNG,天強,2,CHAN ON TAI,陳安泰,2772,1
H13,TSUI CHUK & PANG CHING,翠竹及鵬程,1,SO SIK KIN,蘇錫堅,1878,0
H13,TSUI CHUK & PANG CHING,翠竹及鵬程,2,CHAN YING LEONARD,陳英,2967,1
H13,TSUI CHUK & PANG CHING,翠竹及鵬程,3,LEE KA HING,李嘉興,815,0
H14,CHUK YUEN SOUTH,竹園南,1,HUI KAM SHING,許錦成,3056,1
H14,CHUK YUEN SOUTH,竹園南,2,CHAN CHAK SUM,陳澤森,1107,0
H15,CHUK YUEN NORTH,竹園北,1,CHAN KIT BING,陳潔冰,1206,0
H15,CHUK YUEN NORTH,竹園北,2,TING CHI WAI ROY,丁志威,2799,1
H16,TSZ WAN WEST,慈雲西,1,LEUNG YAU KING,梁𧙗敬,362,0
H16,TSZ WAN WEST,慈雲西,2,YUNG SING KWONG,翁誠光,2405,0
H16,TSZ WAN WEST,慈雲西,3,YUEN KWOK KEUNG,袁國強,3285,1
H17,CHING OI,正愛,1,CHAN MAN KI MAGGIE,陳曼琪,3243,1
H17,CHING OI,正愛,2,MAK TSZ HO,麥子豪,2048,0
H18,CHING ON,正安,,WONG YAT YUK,黃逸旭,0,2
H19,TSZ WAN EAST,慈雲東,1,HO HON MAN,何漢文,3192,1
H19,TSZ WAN EAST,慈雲東,2,TAM CHUN MAN,譚俊文,1585,0
H20,KING FU,瓊富,1,WONG CHUN KIN,黃鎮健,2377,0
H20,KING FU,瓊富,2,WU CHI WAI,胡志偉,3907,1
H21,CHOI WAN EAST,彩雲東,1,WONG KWOK TUNG,黃國桐,1551,0
H21,CHOI WAN EAST,彩雲東,2,LOK WAI CHUEN,駱偉泉,129,0
H21,CHOI WAN EAST,彩雲東,3,CHOY TSZ KIN TIMOTHY,蔡子健,2201,1
H22,CHOI WAN SOUTH,彩雲南,1,SHUM WAN WA,沈運華,2432,1
H22,CHOI WAN SOUTH,彩雲南,2,LI MEI LAN,李美蘭,1321,0
H23,CHOI WAN WEST,彩雲西,1,TSE CHI KIT,謝智傑,1810,0
H23,CHOI WAN WEST,彩雲西,2,TAM MEI PO,譚美普,2682,1
H24,CHI CHOI,池彩,1,WU CHI KIN,胡志健,2083,1
H24,CHI CHOI,池彩,2,HO YIN FAI,何賢輝,2078,0
H25,CHOI HUNG,彩虹,1,LEUNG TAT POR,梁達波,1639,0
H25,CHOI HUNG,彩虹,2,MOK KIN WING,莫健榮,2898,1
J01,KWUN TONG CENTRAL,觀塘中心,,CHAN WAH YU NELSON,陳華裕,0,2
J02,KOWLOON BAY,九龍灣,,POON YAM WAI CHUN WINNIE,潘任惠珍,0,2
J03,KAI YIP,啓業,1,LAM SING,林誠,1826,0
J03,KAI YIP,啓業,2,AU YEUNG KWAN NOK,歐陽均諾,2128,1
J04,LAI CHING,麗晶,1,POON CHUN YUEN,潘進源,2682,0
J04,LAI CHING,麗晶,2,BUX SHEIK ANTHONY,BUX SHEIK ANTHONY,3060,1
J05,PING SHEK,坪石,,CHAN CHUN KIT,陳俊傑,0,2
J06,SHEUNG CHOI,雙彩,,TAM SIU CHEUK,譚肇卓,0,2
J07,JORDAN VALLEY,佐敦谷,1,WONG WAI TAG,黃偉達,1400,0
J07,JORDAN VALLEY,佐敦谷,2,NGAN MAN YU,顏汶羽,2638,1
J08,SHUN TIN,順天,1,MOK KIN SHING,莫建成,2864,1
J08,SHUN TIN,順天,2,KWOK BIT CHUN,郭必錚,2764,0
J09,SHEUNG SHUN,雙順,,FU PIK CHUN,符碧珍,0,2
J10,ON LEE,安利,1,CHOY CHAK HUNG,蔡澤鴻,2128,1
J10,ON LEE,安利,2,LEUNG TANG FUNG,梁騰丰,1665,0
J10,ON LEE,安利,3,CHO KAI FAI,曹啓暉,92,0
J11,PO TAT,寶達,1,TAM HO LAM,譚灝琳,1042,0
J11,PO TAT,寶達,2,HUNG KAM IN,洪錦鉉,3993,1
J12,SAU MAU PING NORTH,秀茂坪北,,WONG CHUN PING,黃春平,0,2
J13,HIU LAI,曉麗,1,FUNG KWOK KEUNG BONHOEFFER,馮國強,2284,0
J13,HIU LAI,曉麗,2,SO LAI CHUN,蘇麗珍,3466,1
J14,SAU MAU PING SOUTH,秀茂坪南,1,CHAN YIU HUNG JIMMY,陳耀雄,2418,1
J14,SAU MAU PING SOUTH,秀茂坪南,2,CHENG KWOK CHUN,鄭國俊,668,0
J14,SAU MAU PING SOUTH,秀茂坪南,3,KAI MING WAH,計明華,340,0
J15,SAU MAU PING CENTRAL,秀茂坪中,,CHEUNG PUI KONG,張培剛,0,2
J16,HING TIN,興田,1,CHAN MAN KIN,陳汶堅,2424,1
J16,HING TIN,興田,2,LO CHING,羅靜,2125,0
J17,LAM TIN,藍田,1,KAN MING TUNG,簡銘東,3215,1
J17,LAM TIN,藍田,2,YAU MEI PO,游美寶,1285,0
J18,KWONG TAK,廣德,,OR CHONG SHING WILSON,柯創盛,0,2
J19,PING TIN,平田,1,YIU PAK LEUNG,姚柏良,3404,1
J19,PING TIN,平田,2,NG CHI FAI,吳志輝,988,0
J20,PAK NGA,栢雅,1,YU SUI SANG,余瑞生,138,0
J20,PAK NGA,栢雅,2,HO KAI MING,何啟明,2666,1
J20,PAK NGA,栢雅,3,CHAN YU MING,陳宇明,1528,0
J21,YAU TONG EAST,油塘東,,CHEUNG KI TANG,張琪騰,0,2
J22,YAU LAI,油麗,1,CHENG WAH TUNG FRANCIS,鄭華東,318,0
J22,YAU LAI,油麗,2,LAI SHU HO PATRICK,黎樹濠,1914,1
J22,YAU LAI,油麗,3,HON KA MING,韓家銘,1264,0
J23,CHUI CHEUNG,翠翔,1,TSE SUK CHUN,謝淑珍,2918,1
J23,CHUI CHEUNG,翠翔,2,WONG KAI SAN,黃啟燊,2654,0
J24,YAU TONG WEST,油塘西,,LUI TUNG HAI,呂東孩,0,2
J25,LAGUNA CITY,麗港城,1,TANG WING CHUN,鄧咏駿,4091,1
J25,LAGUNA CITY,麗港城,2,TAM MAN HO JEREMY JANSEN,譚文豪,3243,0
J26,KING TIN,景田,1,CHEUNG SHUN WAH,張順華,2791,1
J26,KING TIN,景田,2,TONG DICK KAN,唐廸勤,2170,0
J27,TSUI PING,翠屏,1,CHENG KEUNG FUNG,鄭強峰,3457,1
J27,TSUI PING,翠屏,2,LAM HO CHUN CAROL,林可珍,1134,0
J28,PO LOK,寶樂,1,CHENG KENG IEONG,鄭景陽,2097,1
J28,PO LOK,寶樂,2,LAU TING ON,劉定安,1717,0
J29,YUET WAH,月華,1,HSU HOI SHAN,徐海山,2403,1
J29,YUET WAH,月華,2,CHAN KAM WAI,陳錦威,1098,0
J30,HIP HONG,協康,1,CHAU CHUNG PING,周頌平,634,0
J30,HIP HONG,協康,2,CHAN CHUNG BUN BUNNY,陳振彬,1831,1
J30,HIP HONG,協康,3,WONG YI TING EDITH,黃綺婷,907,0
J31,HONG LOK,康樂,1,MA YAT CHIU,馬軼超,1624,1
J31,HONG LOK,康樂,2,CHAN CHAK TO,陳澤滔,1525,0
J32,TING ON,定安,1,KAM KIN,金堅,2159,1
J32,TING ON,定安,2,WONG KAI MING,黃啟明,2097,0
J33,UPPER NGAU TAU KOK ESTATE,牛頭角上邨,1,CHAN KOK WAH BEN,陳國華,2453,1
J33,UPPER NGAU TAU KOK ESTATE,牛頭角上邨,2,LUI CHI HANG HENDRICK,呂智恆,1531,0
J34,LOWER NGAU TAU KOK ESTATE,牛頭角下邨,1,WONG CHING FUNG,黃正峰,1979,0
J34,LOWER NGAU TAU KOK ESTATE,牛頭角下邨,2,CHEUNG YIU PAN,張姚彬,2441,1
J35,TO TAI,淘大,,YIP HING KWOK,葉興國,0,2
J36,LOK WAH NORTH,樂華北,1,WONG CHI KEN,黃子健,1729,1
J36,LOK WAH NORTH,樂華北,2,FUNG KAM YUEN,馮錦源,1246,0
J37,LOK WAH SOUTH,樂華南,1,LEE KA HANG,李嘉恒,1687,0
J37,LOK WAH SOUTH,樂華南,2,SO KOON CHUNG KEVIN,蘇冠聰,2245,1
K01,TAK WAH,德華,,LO SIU KIT,羅少傑,0,2
K02,YEUNG UK ROAD,楊屋道,1,CHAN HAN PAN,陳恒鑌,2075,1
K02,YEUNG UK ROAD,楊屋道,2,LAM SEK TIM,林錫添,1233,0
K03,HOI BUN,海濱,1,CHENG PAK KEUNG,鄭柏強,1926,0
K03,HOI BUN,海濱,2,CHOW PING TIM,鄒秉恬,2647,1
K04,CLAGUE GARDEN,祈德尊,1,KOO YEUNG PONG,古揚邦,1825,1
K04,CLAGUE GARDEN,祈德尊,2,TONG WING CHI,湯詠芝,1550,0
K05,FUK LOI,福來,,KOT SIU YUEN,葛兆源,0,2
K06,DISCOVERY PARK,愉景,1,TIEN MICHAEL PUK SUN,田北辰,3674,1
K06,DISCOVERY PARK,愉景,2,CHIU YAN LOY,趙恩來,2020,0
K07,TSUEN WAN CENTRE,荃灣中心,1,LI HUNG POR,李洪波,2235,1
K07,TSUEN WAN CENTRE,荃灣中心,2,TSANG TAI,曾大,2074,0
K08,ALLWAY,荃威,1,WONG YUI TAK LOUIS,王鋭德,1777,0
K08,ALLWAY,荃威,2,LAM YUEN PUN,林婉濱,2820,1
K09,LAI TO,麗濤,1,WONG WAI KIT,黃偉傑,3661,1
K09,LAI TO,麗濤,2,CHIU PUI SZE,趙佩詩,1441,0
K10,TING SHAM,汀深,1,HA HEI LOK,夏希諾,1606,0
K10,TING SHAM,汀深,2,CHENG CHIT PUN,鄭㨗彬,1799,1
K10,TING SHAM,汀深,3,CHENG SHING LUNG EDWIN,鄭承隆,454,0
K11,TSUEN WAN WEST,荃灣西,1,CHU SHUN MING,朱順明,793,0
K11,TSUEN WAN WEST,荃灣西,2,LAM LAM NIXIE,林琳,2462,1
K11,TSUEN WAN WEST,荃灣西,3,POON CHIU LAM,潘昭霖,1500,0
K12,TSUEN WAN RURAL,荃灣郊區,1,CHAN WAI MING,陳偉明,1812,0
K12,TSUEN WAN RURAL,荃灣郊區,2,NG HIN LUNG,伍顯龍,1984,1
K13,MA WAN,馬灣,1,TSENG WEN TIEN JUSTIN,曾文典,529,0
K13,MA WAN,馬灣,2,LUK WAI LEUNG WILLIAM,陸偉良,193,0
K13,MA WAN,馬灣,3,TAM HOI PONG,譚凱邦,1668,1
K13,MA WAN,馬灣,4,WONG CHIU WAH KEVIN,黃超華,1056,0
K14,LUK YEUNG,綠楊,1,WONG PUI CHI,王珮芝,1933,0
K14,LUK YEUNG,綠楊,2,LAM FAAT KANG,林發耿,2193,1
K15,LEI MUK SHUE EAST,梨木樹東,1,CHAN YUEN SUM SUMLY,陳琬琛,3169,1
K15,LEI MUK SHUE EAST,梨木樹東,2,LUI DIK MING,呂廸明,1773,0
K16,LEI MUK SHUE WEST,梨木樹西,1,TAM TSZ FEI,譚芷菲,1385,0
K16,LEI MUK SHUE WEST,梨木樹西,2,WONG KA WA,黃家華,2895,1
K17,SHEK WAI KOK,石圍角,1,MAN YU MING,文裕明,2356,1
K17,SHEK WAI KOK,石圍角,2,LAI MAN FAI,賴文輝,1035,0
K18,CHEUNG SHEK,象石,1,WONG CHI SHUN ADEN,黃志順,864,0
K18,CHEUNG SHEK,象石,2,CHAN CHUN CHUNG,陳振中,1997,1
K18,CHEUNG SHEK,象石,3,CHAN KA WING,陳嘉榮,353,0
L01,TUEN MUN TOWN CENTRE,屯門市中心,1,CHIU KAM MOON,趙金滿,834,0
L01,TUEN MUN TOWN CENTRE,屯門市中心,2,AU CHI YUEN,歐志遠,1517,1
L02,SIU CHI,兆置,1,LAM CHUNG HOI,林頌鎧,3551,1
L02,SIU CHI,兆置,2,LI CHING YEE,李靜儀,1532,0
L02,SIU CHI,兆置,3,WONG KA LEUNG,王加良,232,0
L03,SIU TSUI,兆翠,1,YIP MAN PAN,葉文斌,3138,1
L03,SIU TSUI,兆翠,2,NG HON YING,吳漢鷹,192,0
L03,SIU TSUI,兆翠,3,TANG CHUN TO,鄧俊滔,2536,0
L04,ON TING,安定,1,FUNG PUI YIN,馮沛賢,2216,0
L04,ON TING,安定,2,KONG FUNG YI,江鳳儀,2383,1
L05,YAU OI SOUTH,友愛南,1,CHIN PO FUN,錢寶芬,1057,0
L05,YAU OI SOUTH,友愛南,2,TSANG HIN HONG,曾憲康,2085,1
L06,YAU OI NORTH,友愛北,1,CHAN WAN SANG,陳雲生,1616,0
L06,YAU OI NORTH,友愛北,2,TAM CHUN YIN,譚駿賢,1731,1
L06,YAU OI NORTH,友愛北,3,LAM LAP,林立,92,0
L07,TSUI HING,翠興,,CHU YIU WAH,朱耀華,0,2
L08,SHAN KING,山景,1,NG KOON HUNG,吳觀鴻,1853,1
L08,SHAN KING,山景,2,HON LAI YIN,韓禮賢,1605,0
L09,KING HING,景興,,CHAN YAU HOI,陳有海,0,2
L10,HING TSAK,興澤,1,CHAN SZE NGA,陳詩雅,1498,0
L10,HING TSAK,興澤,2,TSUI FAN,徐帆,2673,1
L11,SAN HUI,新墟,1,HO HAU CHUN,何孝俊,742,0
L11,SAN HUI,新墟,2,HUI CHEUK HO,許卓豪,631,0
L11,SAN HUI,新墟,3,KWU HON KEUNG,古漢強,1099,1
L12,SAM SHING,三聖,1,LEE KAM TIM,李錦添,892,0
L12,SAM SHING,三聖,2,SO SHIU SHING,蘇炤成,1837,1
L13,HANFORD,恆褔,1,CHU SHUN NGA BEATRICE,朱順雅,2597,1
L13,HANFORD,恆褔,2,NGAI KA HO,魏嘉豪,1021,0
L13,HANFORD,恆褔,3,WONG CHAK WAH,黃澤華,96,0
L13,HANFORD,恆褔,4,LI KWAI FONG,李桂芳,697,0
L14,FU SUN,富新,1,LUNG KANG SAN,龍更新,676,0
L14,FU SUN,富新,2,LI SAI KEUNG,李世強,179,0
L14,FU SUN,富新,3,TAI YIN CHIU,戴賢招,445,0
L14,FU SUN,富新,4,CHEUNG WAI KAU,張偉球,920,0
L14,FU SUN,富新,5,KAM MAN FUNG,甘文鋒,2493,1
L14,FU SUN,富新,6,HO YING SANG,何英生,172,0
L15,YUET WU,悅湖,1,CHEUNG HANG FAI,張恒輝,2073,1
L15,YUET WU,悅湖,2,YIP LAI MEI NATALIE,葉麗媚,1682,0
L16,SIU HEI,兆禧,1,HAU KWOK TUNG,侯國東,1488,0
L16,SIU HEI,兆禧,2,YAN SIU NAM,甄紹南,2021,1
L17,WU KING,湖景,1,LEUNG KIN MAN,梁健文,1454,1
L17,WU KING,湖景,2,CHOW KAI LIM,周啟廉,1049,0
L18,BUTTERFLY,蝴蝶,1,YEUNG CHI HANG,楊智恒,2505,1
L18,BUTTERFLY,蝴蝶,2,SO OI KWAN,蘇愛群,1949,0
L19,LOK TSUI,樂翠,1,HO KWAN YIU,何君堯,2013,1
L19,LOK TSUI,樂翠,2,YUEN WAI CHUNG,阮偉忠,99,0
L19,LOK TSUI,樂翠,3,CHENG CHUNG TAI,鄭松泰,391,0
L19,LOK TSUI,樂翠,4,CHEUNG WING WAI,張永偉,25,0
L19,LOK TSUI,樂翠,5,SHUM KAM TIM,沈錦添,94,0
L19,LOK TSUI,樂翠,6,HO CHUN YAN,何俊仁,1736,0
L20,LUNG MUN,龍門,,LUNG SHUI HING,龍瑞卿,0,2
L21,SAN KING,新景,1,LEE FUNG SIM,李鳳嬋,1243,0
L21,SAN KING,新景,2,WONG LAI SHEUNG CATHERINE,黃麗嫦,2686,1
L22,LEUNG KING,良景,1,CHING CHI HUNG,程志紅,2366,1
L22,LEUNG KING,良景,2,KWUN TUNG WING,官東榮,1290,0
L23,TIN KING,田景,1,LEE HUNG SHAM LOTHAR,李洪森,2295,1
L23,TIN KING,田景,2,CHIU KIM LING,招儉玲,1321,0
L24,PO TIN,寶田,1,SO KA MAN,蘇嘉雯,2516,1
L24,PO TIN,寶田,2,CHU SIU HUNG,朱韶洪,402,0
L25,KIN SANG,建生,1,LAM TSZ CHING,林梓晴,1283,0
L25,KIN SANG,建生,2,CHAN MAN WAH,陳文華,2456,1
L26,SIU HONG,兆康,1,MO SHING FUNG,巫成鋒,2677,1
L26,SIU HONG,兆康,2,LAW HO YAN,羅浩恩,80,0
L26,SIU HONG,兆康,3,CHAN SHU YING JOSEPHINE,陳樹英,2267,0
L27,PRIME VIEW,景峰,1,HO HANG MUI,何杏梅,2970,1
L27,PRIME VIEW,景峰,2,KWONG MAN TIK,鄺珉樀,1126,0
L28,FU TAI,富泰,1,CHAN MANWELL,陳文偉,2823,1
L28,FU TAI,富泰,2,HO WAI CHEUNG,何偉祥,1044,0
L29,TUEN MUN RURAL,屯門鄉郊,1,TANG TAK SUM,鄧德森,728,0
L29,TUEN MUN RURAL,屯門鄉郊,2,TO SHECK YUEN,陶錫源,1644,1
M01,FUNG NIN,豐年,1,LUI KIN,呂堅,2179,1
M01,FUNG NIN,豐年,2,WONG KWOK HUNG,黃國雄,1227,0
M02,SHUI PIN,水邊,,YUEN MAN YEE,袁敏兒,0,2
M03,NAM PING,南屏,1,WONG WAI YIN ZACHARY,黃偉賢,2598,1
M03,NAM PING,南屏,2,CHEUNG FAN LAN,張芬蘭,1249,0
M03,NAM PING,南屏,3,CHAN WAI YI,陳惠儀,246,0
M04,PEK LONG,北朗,1,WONG YUK CHUN,黃玉珍,2013,0
M04,PEK LONG,北朗,2,KWONG CHUN YU,鄺俊宇,2890,1
M05,YUEN LONG CENTRE,元朗中心,1,LAM TING WAI,林廷衞,1049,0
M05,YUEN LONG CENTRE,元朗中心,2,SIU LONG MING,蕭浪鳴,1615,1
M06,YUEN LUNG,元龍,1,WONG WAI SHUN,王威信,2651,1
M06,YUEN LUNG,元龍,2,CHONG KIN SHING,莊健成,362,0
M07,FUNG CHEUNG,鳳翔,1,MAK IP SING,麥業成,2173,1
M07,FUNG CHEUNG,鳳翔,2,YU CHUNG LEUNG,余仲良,1425,0
M07,FUNG CHEUNG,鳳翔,3,WONG WAI,王偉,163,0
M08,SHAP PAT HEUNG EAST,十八鄉東,,SHUM HO KIT,沈豪傑,0,2
M09,SHAP PAT HEUNG CENTRAL,十八鄉中,,LEUNG MING KIN,梁明堅,0,2
M10,SHAP PAT HEUNG WEST,十八鄉西,,CHING CHAN MING,程振明,0,2
M11,PING SHAN SOUTH,屏山南,,CHEUNG MUK LAM,張木林,0,2
M12,PING SHAN CENTRAL,屏山中,,TANG HING IP,鄧慶業,0,2
M13,PING SHAN NORTH,屏山北,1,TANG TAT SIN,鄧達善,938,0
M13,PING SHAN NORTH,屏山北,2,YOUNG KA ON,楊家安,1344,1
M14,HA TSUEN,廈村,1,CHENG KAM HO,鄭錦豪,376,0
M14,HA TSUEN,廈村,2,TANG KA LEUNG,鄧家良,2610,1
M15,TIN SHING,天盛,1,CHAN SZE CHING,陳思靜,3702,1
M15,TIN SHING,天盛,2,LEUNG YIP PANG,梁業鵬,1807,0
M16,SHUI OI,瑞愛,1,CHAU TSZ KI,周子麒,1434,0
M16,SHUI OI,瑞愛,2,KWOK KEUNG,郭強,3136,1
M17,SHUI WAH,瑞華,1,KO CHUN KIT,高俊傑,1634,0
M17,SHUI WAH,瑞華,2,CHOW WING KAN,周永勤,1941,1
M18,CHUNG WAH,頌華,1,WONG WAI LING,黃煒鈴,1775,1
M18,CHUNG WAH,頌華,2,CHAN KA KUI,陳家駒,965,0
M19,YUET YAN,悅恩,,CHIU SAU HAN,趙秀嫻,0,2
M20,FU YAN,富恩,1,KEUNG KWOK WAI,強國偉,1339,0
M20,FU YAN,富恩,2,LAU KWAI YUNG,劉桂容,2819,1
M21,YAT CHAK,逸澤,1,KWOK HING PING,郭慶平,2288,1
M21,YAT CHAK,逸澤,2,WONG YUEN FAI,黃遠輝,496,0
M21,YAT CHAK,逸澤,3,WONG YU CHOI,黃裕材,1468,0
M22,TIN HENG,天恒,1,WONG PAK YU,王百羽,1317,0
M22,TIN HENG,天恒,2,CHEUNG KWOK TUNG,張國棟,846,0
M22,TIN HENG,天恒,3,LUK CHUNG HUNG,陸頌雄,2749,1
M23,WANG YAT,宏逸,,YIU KWOK WAI,姚國威,0,2
M24,CHING KING,晴景,1,TANG CHEUK HIM,鄧焯謙,2423,1
M24,CHING KING,晴景,2,SO WING CHAU,蘇永宙,632,0
M25,KINGSWOOD NORTH,嘉湖北,1,LEE YUET MAN,李月民,2775,1
M25,KINGSWOOD NORTH,嘉湖北,2,HO WAI FONG POLLY,何惠芳,1747,0
M26,TSZ YAU,慈祐,1,CHAN MEI LIN,陳美蓮,2438,1
M26,TSZ YAU,慈祐,2,CHING YUNG FAI,程容輝,1345,0
M27,YIU YAU,耀祐,1,MA SHUK YIN,馬淑燕,1584,1
M27,YIU YAU,耀祐,2,WONG PUI YIN AGATHA,王佩賢,1255,0
M28,TIN YIU,天耀,1,LEUNG CHE CHEUNG,梁志祥,1713,1
M28,TIN YIU,天耀,2,LEUNG CHIN HANG,梁榮生,1552,0
M29,KINGSWOOD SOUTH,嘉湖南,1,NG YUK YING,吳玉英,1724,0
M29,KINGSWOOD SOUTH,嘉湖南,2,CHAM KA HUNG DANIEL,湛家雄,2191,1
M30,CHUNG PAK,頌栢,1,WONG CHEUK KIN,黃卓健,2078,1
M30,CHUNG PAK,頌栢,2,MOK YIM HAY,莫炎熙,1380,0
M31,FAIRVIEW PARK,錦綉花園,1,TO KA LUN,杜嘉倫,1826,1
M31,FAIRVIEW PARK,錦綉花園,2,LEUNG WAI KWAN,梁煒堃,144,0
M31,FAIRVIEW PARK,錦綉花園,3,YAU TAI TAI,邱帶娣,1596,0
M32,SAN TIN,新田,1,MAN KWONG MING,文光明,2286,1
M32,SAN TIN,新田,2,MAN KWAI KI,文貴旗,1193,0
M33,KAM TIN,錦田,,TANG CHEUK YIN,鄧卓然,0,2
M34,PAT HEUNG NORTH,八鄉北,1,TANG CHI KWONG,鄧志光,1471,0
M34,PAT HEUNG NORTH,八鄉北,2,TANG YUNG YIU RONNIE,鄧鎔耀,1806,1
M35,PAT HEUNG SOUTH,八鄉南,1,CHU HOI DICK EDDIE,朱凱廸,1482,0
M35,PAT HEUNG SOUTH,八鄉南,2,LAI WAI HUNG,黎偉雄,2872,1
N01,LUEN WO HUI,聯和墟,1,LAW SAI YAN,羅世恩,1981,0
N01,LUEN WO HUI,聯和墟,2,TSANG HING LUNG,曾興隆,2640,1
N01,LUEN WO HUI,聯和墟,3,LIU MING KIN,劉明堅,413,0
N02,FANLING TOWN,粉嶺市,1,WONG CHUN NING,黃晉靈,826,0
N02,FANLING TOWN,粉嶺市,2,PANG CHUN SING GEORGE,彭振聲,1403,1
N03,CHEUNG WAH,祥華,1,YIP YIU SHING CHRIS,葉曜丞,1569,0
N03,CHEUNG WAH,祥華,2,CHAN YUK MING,陳旭明,1814,1
N03,CHEUNG WAH,祥華,3,WONG KA HO,黃嘉浩,1710,0
N03,CHEUNG WAH,祥華,4,YUEN HOI WAI FEDER,阮海偉,178,0
N04,WAH DO,華都,,YIU MING,姚銘,0,2
N05,WAH MING,華明,1,LAI SUM,賴心,1814,0
N05,WAH MING,華明,2,CHAN WAI TAT,陳惠達,2660,1
N06,YAN SHING,欣盛,,LAU KWOK FAN,劉國勳,0,2
N07,SHING FUK,盛福,,WAN WO TAT WARWICK,温和達,0,2
N08,FANLING SOUTH,粉嶺南,1,HO SHU KWONG RAYMOND,何樹光,1824,1
N08,FANLING SOUTH,粉嶺南,2,WONG SING CHI,黃成智,992,0
N09,CHING HO,清河,,LARM WAI LEUNG,藍偉良,0,2
N10,YU TAI,御太,1,TSANG KING CHUNG KENT,曾勁聰,1922,1
N10,YU TAI,御太,2,SHEK FONG YAU,石房有,326,0
N10,YU TAI,御太,3,HAU WING KONG ALVAN,侯榮光,672,0
N11,SHEUNG SHUI RURAL,上水鄉郊,1,HAU KAM LAM,侯金林,2474,0
N11,SHEUNG SHUI RURAL,上水鄉郊,2,HAU FUK TAT SIMON,侯福達,2934,1
N12,CHOI YUEN,彩園,1,SO SAI CHI,蘇西智,2481,1
N12,CHOI YUEN,彩園,2,LEUNG KAM SHING CLARENCE RONALD,梁金成,1975,0
N13,SHEK WU HUI,石湖墟,1,LAU HON KIN,劉匡健,90,0
N13,SHEK WU HUI,石湖墟,2,WONG YUN KEUNG SIMON,王潤強,1760,0
N13,SHEK WU HUI,石湖墟,3,LAM CHEUK TING,林卓廷,2390,1
N14,TIN PING WEST,天平西,1,POON TAK WING,潘德榮,1445,0
N14,TIN PING WEST,天平西,2,WONG WANG TO,黃宏滔,2219,1
N14,TIN PING WEST,天平西,3,LEE CHING HEI,李政熙,797,0
N15,FUNG TSUI,鳳翠,1,YU MAN KWONG,余萬光,981,0
N15,FUNG TSUI,鳳翠,2,LIU KWOK WAH,廖國華,1460,0
N15,FUNG TSUI,鳳翠,3,LIU HING HUNG,廖興洪,1649,1
N16,SHA TA,沙打,1,WAN WO FAI,温和輝,2307,1
N16,SHA TA,沙打,2,TSANG YUK ON,曾玉安,1104,0
N16,SHA TA,沙打,3,CHEUNG KWAI CHOI,張貴財,651,0
N16,SHA TA,沙打,4,CHU OI PING,朱愛平,111,0
N17,TIN PING EAST,天平東,1,LAU KI FUNG,劉其烽,1726,1
N17,TIN PING EAST,天平東,2,OR SIN YI WINDY,柯倩儀,1567,0
N17,TIN PING EAST,天平東,3,YU CHI SHING PAUL,余智成,603,0
N18,QUEEN'S HILL,皇后山,,TANG KUN NIN TONY,鄧根年,0,2
P01,TAI PO HUI,大埔墟,1,LI KWOK YING,李國英,1096,1
P01,TAI PO HUI,大埔墟,2,CHOY WING MUI MOLLY,蔡咏梅,865,0
P02,TAI PO CENTRAL,大埔中,1,MUI SIU FUNG,梅少峰,1444,0
P02,TAI PO CENTRAL,大埔中,2,AU CHUN WAH,區鎮樺,1866,1
P02,TAI PO CENTRAL,大埔中,3,MAN WAI KEUNG,文偉強,384,0
P03,CHUNG TING,頌汀,1,LUI NOK,雷諾,1810,0
P03,CHUNG TING,頌汀,2,TAM WING FUN ERIC,譚榮勳,1881,1
P04,TAI YUEN,大元,1,AU CHUN HO,區鎮濠,1334,0
P04,TAI YUEN,大元,2,CHENG CHUN PING,鄭俊平,2017,1
P05,FU HENG,富亨,1,WONG CHAU PAK,王秋北,1417,0
P05,FU HENG,富亨,2,YAM MAN CHUEN,任萬全,3716,1
P06,YEE FU,怡富,1,CHEUNG FUNG YIN,張鳳燕,1607,0
P06,YEE FU,怡富,2,YAM KAI BONG,任啟邦,4148,1
P07,FU MING SUN,富明新,1,KWAN WING YIP,關永業,3147,1
P07,FU MING SUN,富明新,2,CHAN YUNG WA,陳勇華,1122,0
P08,KWONG FUK & PLOVER COVE,廣福及寶湖,1,WONG PIK KIU,黃碧嬌,2248,1
P08,KWONG FUK & PLOVER COVE,廣福及寶湖,2,KWOK SHU YAN,郭樹仁,363,0
P08,KWONG FUK & PLOVER COVE,廣福及寶湖,3,CHOW BENJAMIN,周弘隆,779,0
P09,WANG FUK,宏福,1,WOO KIN MAN CLEMENT,胡健民,2120,1
P09,WANG FUK,宏福,2,MAN NIM CHI,文念志,1570,0
P10,TAI PO KAU,大埔滘,,CHAN SIU KUEN,陳笑權,0,2
P11,WAN TAU TONG,運頭塘,1,CHENG WAI,鄭煒,2123,0
P11,WAN TAU TONG,運頭塘,2,YU CHI WING,余智榮,2711,1
P12,SAN FU,新富,1,KWOK WING KIN,郭永健,2064,0
P12,SAN FU,新富,2,LO HIU FUNG,羅曉楓,2447,1
P12,SAN FU,新富,3,WU KAM FAI,胡錦輝,129,0
P13,LAM TSUEN VALLEY,林村谷,1,WAN YUK WING,温玉榮,374,0
P13,LAM TSUEN VALLEY,林村谷,2,CHAN CHO LEUNG,陳灶良,2468,1
P13,LAM TSUEN VALLEY,林村谷,3,LAM CHUN CHEUNG,林春祥,1744,0
P14,PO NGA,寶雅,1,CHOW YUEN WAI,周炫瑋,2683,1
P14,PO NGA,寶雅,2,WONG YUNG KAN,黃容根,2292,0
P15,TAI WO,太和,,CHENG CHUN WO,鄭俊和,0,2
P16,OLD MARKET & SERENITY,舊墟及太湖,1,LAU YUNG WAI,劉勇威,2170,1
P16,OLD MARKET & SERENITY,舊墟及太湖,2,CHEUNG KWOK WAI,張國慧,1699,0
P17,HONG LOK YUEN,康樂園,1,MAN CHEN FAI,文春輝,1132,0
P17,HONG LOK YUEN,康樂園,2,TANG MING TAI PATRICK,鄧銘泰,1780,1
P18,SHUEN WAN,船灣,,LAU CHEE SING,劉志成,0,2
P19,SAI KUNG NORTH,西貢北,1,LI WAH KWONG REX,李華光,1024,1
P19,SAI KUNG NORTH,西貢北,2,LEE KWAI YAU VICTOR,李貴有,1004,0
Q01,SAI KUNG CENTRAL,西貢市中心,1,CHEUNG SZE KIT ALAN,章士傑,843,0
Q01,SAI KUNG CENTRAL,西貢市中心,2,NG SZE FUK,吳仕福,1723,1
Q02,PAK SHA WAN,白沙灣,1,PO WAI MING,浦偉明,1109,0
Q02,PAK SHA WAN,白沙灣,2,HIEW MOO SIEW,邱戊秀,1539,1
Q03,SAI KUNG ISLANDS,西貢離島,,LI KA LEUNG PHILIP,李家良,0,2
Q04,HANG HAU EAST,坑口東,1,LAU MAN CHOI NEWMAN,劉敏財,810,0
Q04,HANG HAU EAST,坑口東,2,LAU WAI CHEUNG PETER,劉偉章,962,1
Q05,HANG HAU WEST,坑口西,1,LUK SAU CHING,陸秀貞,1027,0
Q05,HANG HAU WEST,坑口西,2,YAU YUK LUN,邱玉麟,1397,1
Q06,PO YEE,寶怡,1,TSE CHING FUNG,謝正楓,2361,1
Q06,PO YEE,寶怡,2,NG SHUET SHAN,吳雪山,1838,0
Q07,WAI KING,維景,1,WONG SHING KWONG,黃成光,357,0
Q07,WAI KING,維景,2,CHAN KAI WAI,陳繼偉,3014,1
Q08,DO SHIN,都善,1,SO HO,蘇浩,572,0
Q08,DO SHIN,都善,2,MOK RUBY,莫繡安,617,0
Q08,DO SHIN,都善,3,SHUEN PAK MAN ANDREW,孫柏文,531,0
Q08,DO SHIN,都善,4,CHEUNG CHIN PANG,張展鵬,1216,1
Q09,KIN MING,健明,1,CHAU KA LOK,周家樂,710,0
Q09,KIN MING,健明,2,LEUNG LI,梁里,3719,1
Q10,CHOI KIN,彩健,1,NG JACOB,吳東河,1791,0
Q10,CHOI KIN,彩健,2,HO MAN KIT RAYMOND,何民傑,2873,1
Q11,O TONG,澳唐,1,AU YEUNG HO KWAN,歐陽浩崑,1314,0
Q11,O TONG,澳唐,2,LUI MAN KWONG,呂文光,1831,1
Q11,O TONG,澳唐,3,KO WING LUEN,高永聯,1036,0
Q12,FU KWAN,富君,1,LUK PING CHOI,陸平才,2087,1
Q12,FU KWAN,富君,2,LUI KIM HO,呂劍豪,1671,0
Q12,FU KWAN,富君,3,SHEK YUEN HON,石遠康,43,0
Q13,KWAN PO,軍寶,1,LEE KWOK PUI,李國培,534,0
Q13,KWAN PO,軍寶,2,CHAN CHIN CHUN,陳展浚,480,0
Q13,KWAN PO,軍寶,3,LEE SUN ANTONY,李新,583,0
Q13,KWAN PO,軍寶,4,WONG TIN YAU,黃天佑,487,0
Q13,KWAN PO,軍寶,5,LAI MING CHAK,黎銘澤,784,1
Q14,NAM ON,南安,1,CHAU YIN MING FRANCIS,周賢明,3359,1
Q14,NAM ON,南安,2,YU KAI CHUN,余啟津,985,0
Q15,HONG KING,康景,1,CHAN KIN CHUN KEN,陳健浚,2446,0
Q15,HONG KING,康景,2,LAM SIU CHUNG FRANKIE,林少忠,3274,1
Q16,TSUI LAM,翠林,1,CHAN YUEN PAN,陳源彬,1396,0
Q16,TSUI LAM,翠林,2,TAM LANNY,譚領律,3051,1
Q17,PO LAM,寶林,1,AU NING FAT ALFRED,區能發,2446,1
Q17,PO LAM,寶林,2,WONG LOK YIN,黃樂然,779,0
Q17,PO LAM,寶林,3,CHEUNG CHI TUNG,張志董,913,0
Q18,YAN YING,欣英,1,YEUNG HO CHUEN,楊浩泉,1007,0
Q18,YAN YING,欣英,2,CHUNG KAM LUN,鍾錦麟,3283,1
Q18,YAN YING,欣英,3,LIU TSZ CHUNG MICHAEL,廖子聰,1229,0
Q19,WAN HANG,運亨,1,SUN WAI KEI,申偉基,2313,0
Q19,WAN HANG,運亨,2,FAN GARY KWOK WAI,范國威,3104,1
Q19,WAN HANG,運亨,3,LAI TZE WAH,黎子華,117,0
Q20,KING LAM,景林,1,WAN KAI MING,温啟明,2878,1
Q20,KING LAM,景林,2,LAM WING YIN,林咏然,2707,0
Q21,HAU TAK,厚德,1,LING MAN HOI,凌文海,2679,1
Q21,HAU TAK,厚德,2,TSANG HO MAN,曾浩文,2261,0
Q22,FU NAM,富藍,1,CHAN YIU MING,陳耀銘,2113,0
Q22,FU NAM,富藍,2,CHAN POK CHI,陳博智,2207,1
Q23,TAK MING,德明,,WAN YUET CHEUNG,温悅昌,0,2
Q24,SHEUNG TAK,尚德,1,CHOI KIN CHING,蔡乾正,650,0
Q24,SHEUNG TAK,尚德,2,KAN SIU KEI,簡兆祺,2978,1
Q24,SHEUNG TAK,尚德,3,WONG FAI,黃輝,1662,0
Q25,KWONG MING,廣明,1,SHI HAU KIT SIMON,舒孝傑,777,0
Q25,KWONG MING,廣明,2,CHOI MING HEI,蔡明禧,1055,0
Q25,KWONG MING,廣明,3,CHONG YUEN TUNG,莊元苳,3373,1
Q26,WAN PO NORTH,環保北,1,CHUI TING PONG,崔定邦,665,0
Q26,WAN PO NORTH,環保北,2,FONG KWOK SHAN CHRISTINE,方國珊,2667,1
Q27,WAN PO SOUTH,環保南,1,CHEUNG MEI HUNG,張美雄,2188,1
Q27,WAN PO SOUTH,環保南,2,WU CHEUK HIM,胡綽謙,539,0
R01,SHA TIN TOWN CENTRE,沙田市中心,1,WONG CHI YUNG,黃自勇,1328,0
R01,SHA TIN TOWN CENTRE,沙田市中心,2,WAI HING CHEUNG,衞慶祥,2759,1
R02,LEK YUEN,瀝源,1,WONG YUE HON,黃宇翰,1799,1
R02,LEK YUEN,瀝源,2,WONG HO MING,黃浩銘,1406,0
R03,WO CHE ESTATE,禾輋邨,1,YUE SHIN MAN ANNA,余倩雯,2495,1
R03,WO CHE ESTATE,禾輋邨,2,LEE WAI FUNG,李煒鋒,1602,0
R03,WO CHE ESTATE,禾輋邨,3,LEE TAK WAH,李德華,1185,0
R04,CITY ONE,第一城,,WONG KA WING,黃嘉榮,0,2
R05,YUE SHING,愉城,,LEUNG KA FAI,梁家輝,0,2
R06,WONG UK,王屋,1,LEUNG CHI WAI,梁志偉,1936,0
R06,WONG UK,王屋,2,LAI TSZ YAN,黎梓恩,2111,1
R07,SHA KOK,沙角,1,CHAN BILLY SHIU YEUNG,陳兆陽,2627,1
R07,SHA KOK,沙角,2,YEUNG SIN HUNG,楊倩紅,2437,0
R08,POK HONG,博康,1,CHIU CHU PONG,趙柱幫,2859,1
R08,POK HONG,博康,2,CHAN KWOK TIM,陳國添,2666,0
R09,JAT MIN,乙明,1,CHAU PING HIM,周秉謙,541,0
R09,JAT MIN,乙明,2,YIP KA MING MICHAEL,葉家明,1050,0
R09,JAT MIN,乙明,3,YAU MAN CHUN,丘文俊,3221,1
R10,CHUN FUNG,秦豐,1,LEUNG KA WAI,梁家瑋,1578,0
R10,CHUN FUNG,秦豐,2,CHAN NOK HANG,陳諾恒,3724,1
R11,SUN TIN WAI,新田圍,1,LI LOK YAN,李樂昕,1488,0
R11,SUN TIN WAI,新田圍,2,CHING CHEUNG YING,程張迎,2455,1
R12,CHUI TIN,翠田,1,HUI YUI YU,許鋭宇,2048,1
R12,CHUI TIN,翠田,2,WONG CHAK PIU PHILIP,黃澤標,1675,0
R13,HIN KA,顯嘉,1,LAM CHUNG YAN,林松茵,2473,1
R13,HIN KA,顯嘉,2,MOK WAI HUNG,莫偉雄,1713,0
R14,LOWER SHING MUN,下城門,1,TONG HOK LEUNG,唐學良,1209,1
R14,LOWER SHING MUN,下城門,2,LEE YUEN KAM,李源錦,987,0
R14,LOWER SHING MUN,下城門,3,CHONG YIU KAN SHERMAN,莊耀勤,1175,0
R15,WAN SHING,雲城,1,WONG LEUNG HI,黃良喜,962,0
R15,WAN SHING,雲城,2,CHEUNG TAK WING,張德榮,927,0
R15,WAN SHING,雲城,3,HO HAU CHEUNG,何厚祥,1989,1
R16,KENG HAU,徑口,1,NG KAM HUNG,吳錦雄,2826,1
R16,KENG HAU,徑口,2,HO KWOK WAH GEORGE,何國華,2144,0
R17,TIN SUM,田心,,PUN KWOK SHAN,潘國山,0,2
R18,CHUI KA,翠嘉,1,WAI TAK LUN,韋德麟,1029,0
R18,CHUI KA,翠嘉,2,LEE KAM MING,李錦明,1068,0
R18,CHUI KA,翠嘉,3,LI SAI HUNG,李世鴻,2433,1
R19,TAI WAI,大圍,1,TUNG KIN LEI,董健莉,3649,1
R19,TAI WAI,大圍,2,LEUNG CHUN HIN,梁鎮軒,2087,0
R20,CHUNG TIN,松田,1,WONG HOK LAI,黃學禮,1631,1
R20,CHUNG TIN,松田,2,LO YUET CHAU,勞越洲,662,0
R20,CHUNG TIN,松田,3,TANG WING CHEONG,鄧永昌,1268,0
R21,SUI WO,穗禾,1,YAU CHI KIN,邱智堅,1984,0
R21,SUI WO,穗禾,2,PANG CHEUNG WAI THOMAS,彭長緯,2160,1
R21,SUI WO,穗禾,3,LI SUI HA,李瑞霞,101,0
R22,FO TAN,火炭,1,PONG SCARLETT OI LAN,龐愛蘭,1905,1
R22,FO TAN,火炭,2,CHAN MAN FAI,陳文煇,1250,0
R23,CHUN MA,駿馬,1,HO WAI LOK,何偉樂,1169,0
R23,CHUN MA,駿馬,2,SIU HIN HONG,蕭顯航,1658,1
R23,CHUN MA,駿馬,3,CHENG WING CHUNG,鄭榮宗,148,0
R24,CHUNG ON,頌安,1,QUAT ELIZABETH,葛珮帆,2376,0
R24,CHUNG ON,頌安,2,YIP WING,葉榮,2506,1
R25,KAM TO,錦濤,1,YEUNG MAN YUI,楊文鋭,2455,0
R25,KAM TO,錦濤,2,CHAN KWOK KEUNG,陳國強,2592,1
R26,MA ON SHAN TOWN CENTRE,馬鞍山市中心,1,LEE CHI WING ALVIN,李子榮,2391,1
R26,MA ON SHAN TOWN CENTRE,馬鞍山市中心,2,MAN CHI WAI,文志偉,1106,0
R27,LEE ON,利安,1,MAK YUN PUI,麥潤培,3938,1
R27,LEE ON,利安,2,KONG CHEUK WAI,江卓偉,33,0
R27,LEE ON,利安,3,LO TAI SUEN ADA,羅棣萱,1767,0
R28,FU LUNG,富龍,1,TSANG SO LAI,曾素麗,3027,1
R28,FU LUNG,富龍,2,LAW KWONG KEUNG,羅光強,2730,0
R29,WU KAI SHA,烏溪沙,1,LI WING SHING,李永成,1567,1
R29,WU KAI SHA,烏溪沙,2,SIO CHAN IN DEVIN,蕭震然,1121,0
R30,KAM YING,錦英,1,TONG PO CHUN,湯寶珍,1442,0
R30,KAM YING,錦英,2,LI PO MUI,李寶妹,888,0
R30,KAM YING,錦英,3,TING TSZ YUEN,丁仕元,1612,1
R30,KAM YING,錦英,4,LAW SIU CHUN,羅兆冲,1176,0
R31,YIU ON,耀安,1,LI SAI WING,李世榮,3021,1
R31,YIU ON,耀安,2,CHEUNG PIK HA,張碧霞,2071,0
R32,HENG ON,恒安,1,LAM TAK WAI,林德偉,2706,0
R32,HENG ON,恒安,2,CHENG TSUK MAN,鄭則文,3740,1
R33,ON TAI,鞍泰,1,CHIU MAN LEONG,招文亮,3657,1
R33,ON TAI,鞍泰,2,YAU YUET WAH DONNA,游月華,2647,0
R34,TAI SHUI HANG,大水坑,1,YUNG MING CHAU MICHAEL,容溟舟,2964,1
R34,TAI SHUI HANG,大水坑,2,CHEUNG CHI YIN,張子賢,2629,0
R35,YU YAN,愉欣,,YIU KA CHUN,姚嘉俊,0,2
R36,BIK WOO,碧湖,1,OWEN OI MING EMILY,翁愛明,1490,0
R36,BIK WOO,碧湖,2,WONG PING FAN,黃冰芬,2352,1
R36,BIK WOO,碧湖,3,LAU WAI LUN,劉偉倫,1151,0
R37,KWONG HONG,廣康,1,CHOI CHUN CHIU PAUL,蔡振超,1028,0
R37,KWONG HONG,廣康,2,WONG FU SANG,王虎生,2034,1
R37,KWONG HONG,廣康,3,NG WAI LING,吳惠靈,1828,0
R38,KWONG YUEN,廣源,1,CHAN MAN KUEN,陳敏娟,2525,1
R38,KWONG YUEN,廣源,2,SUNG TSZ MING,宋子明,1553,0
S01,KWAI HING,葵興,1,LEUNG CHI SHING,梁志成,2931,1
S01,KWAI HING,葵興,2,LEUNG CHI HO,梁志豪,1139,0
S02,KWAI SHING EAST ESTATE,葵盛東邨,1,CHAN YUK LING,陳玉玲,75,0
S02,KWAI SHING EAST ESTATE,葵盛東邨,2,MO SANG TUNG,巫辰冬,1833,0
S02,KWAI SHING EAST ESTATE,葵盛東邨,3,LEUNG KWONG CHEONG,梁廣昌,677,0
S02,KWAI SHING EAST ESTATE,葵盛東邨,4,CHOW WAI HUNG RAYMAN,周偉雄,3212,1
S03,UPPER TAI WO HAU,上大窩口,1,LAU CHIN PANG,劉展鵬,1589,0
S03,UPPER TAI WO HAU,上大窩口,2,HUI KEI CHEUNG,許祺祥,2217,1
S04,LOWER TAI WO HAU,下大窩口,1,WONG BING KUEN,黃炳權,3098,1
S04,LOWER TAI WO HAU,下大窩口,2,CHEUNG WAI MAN,張偉文,1369,0
S05,KWAI CHUNG ESTATE NORTH,葵涌邨北,1,LEUNG KAM WAI,梁錦威,2195,1
S05,KWAI CHUNG ESTATE NORTH,葵涌邨北,2,LEUNG KONG MING,梁崗銘,1617,0
S06,KWAI CHUNG ESTATE SOUTH,葵涌邨南,1,LEE WANG FUNG,李宏峯,1790,0
S06,KWAI CHUNG ESTATE SOUTH,葵涌邨南,2,WONG YUN TAT,黃潤達,2320,1
S07,SHEK YAM,石蔭,1,LI SAI LUNG,李世隆,2907,1
S07,SHEK YAM,石蔭,2,WAN SIU KIN ANDREW,尹兆堅,2853,0
S08,ON YAM,安蔭,1,LEUNG TSZ WING DENNIS,梁子穎,2714,1
S08,ON YAM,安蔭,2,LEUNG WING KUEN,梁永權,1831,0
S09,SHEK LEI SOUTH,石籬南,1,LEUNG KWOK WAH,梁國華,2974,0
S09,SHEK LEI SOUTH,石籬南,2,NG KA CHIU,吳家超,3141,1
S10,SHEK LEI NORTH,石籬北,1,LAM SIU FAI,林紹輝,2981,1
S10,SHEK LEI NORTH,石籬北,2,CHEUNG IP MEI,張燁媚,1459,0
S11,TAI PAK TIN,大白田,1,KWOK FU YUNG,郭芙蓉,2884,1
S11,TAI PAK TIN,大白田,2,TSUI SANG HUNG SAMMY,徐生雄,1997,0
S12,KWAI FONG,葵芳,1,LEUNG YIU CHUNG,梁耀忠,3301,1
S12,KWAI FONG,葵芳,2,CHAN MAN LUEN YING,陳萬聯應,1624,0
S13,WAH LAI,華麗,1,TAI PUI SHAN CHRISTABEL DONNA,戴沛珊,263,0
S13,WAH LAI,華麗,2,YUEN KWOK KI,阮國基,707,0
S13,WAH LAI,華麗,3,WONG YIU CHUNG,黃耀聰,2130,1
S14,LAI WAH,荔華,,CHU LAI LING,朱麗玲,0,2
S15,CHO YIU,祖堯,1,PAU MING HONG,鮑銘康,2986,1
S15,CHO YIU,祖堯,2,LO WAI LAN,盧慧蘭,580,0
S15,CHO YIU,祖堯,3,CHAN TAK CHEUNG,陳德章,1230,0
S16,HING FONG,興芳,1,LEUNG KAR MING,梁嘉銘,2629,0
S16,HING FONG,興芳,2,NG KIM SING,吳劍昇,2701,1
S17,LAI KING,荔景,,CHOW YICK HAY,周奕希,0,2
S18,KWAI SHING WEST ESTATE,葵盛西邨,1,LAU MEI LO,劉美璐,3157,1
S18,KWAI SHING WEST ESTATE,葵盛西邨,2,LEUNG CHING SHAN,梁靜珊,2146,0
S19,ON HO,安灝,1,TAM WAI CHUN,譚惠珍,3021,1
S19,ON HO,安灝,2,LAU SIU HANG,劉肇恒,2667,0
S20,WAI YING,偉盈,,MAK MEI KUEN ALICE,麥美娟,0,2
S21,TSING YI ESTATE,青衣邨,1,CHENG HIU LING,鄭曉玲,1311,0
S21,TSING YI ESTATE,青衣邨,2,CHIU CHIT UE,趙哲妤,655,0
S21,TSING YI ESTATE,青衣邨,3,YU LAP ON,余立安,54,0
S21,TSING YI ESTATE,青衣邨,4,CHAN SIU MAN SIMON,陳笑文,2419,1
S22,GREENFIELD,翠怡,1,CHEUNG WAI CHING CLARICE,張慧晶,3467,1
S22,GREENFIELD,翠怡,2,POON SIU PING NANCY,潘小屏,578,0
S23,CHEUNG CHING,長青,1,LEE CHI KEUNG ALAN,李志強,3223,1
S23,CHEUNG CHING,長青,2,WONG KWONG MO,黃光武,1273,0
S24,CHEUNG HONG,長康,,TSUI HIU KIT,徐曉杰,0,2
S25,SHING HONG,盛康,1,FU MOON FONG FERDINAND,傅滿芳,990,0
S25,SHING HONG,盛康,2,LEUNG WAI MAN,梁偉文,2345,1
S26,TSING YI SOUTH,青衣南,1,IP YAM SHEK JOHNATHAN,葉荏碩,1654,0
S26,TSING YI SOUTH,青衣南,2,POON CHI SHING,潘志成,3214,1
S27,CHEUNG HANG,長亨,1,LUI KO WAI,雷可畏,165,0
S27,CHEUNG HANG,長亨,2,LAM LAP CHI,林立志,1838,0
S27,CHEUNG HANG,長亨,3,LO YUEN TING,盧婉婷,2814,1
S27,CHEUNG HANG,長亨,4,HA LUNG WAN,夏龍雲,168,0
S28,CHING FAT,青發,1,WONG KIN LONG,黃健朗,233,0
S28,CHING FAT,青發,2,LAU CHI KIT,劉子傑,2283,0
S28,CHING FAT,青發,3,LEE HON SAM,李漢森,282,0
S28,CHING FAT,青發,4,LAM CHUI LING NANCY,林翠玲,2648,1
S29,CHEUNG ON,長安,1,LAW KING SHING,羅競成,2359,1
S29,CHEUNG ON,長安,2,WONG CHUN KIT,黃俊傑,1467,0
S29,CHEUNG ON,長安,3,HO CHI WAI,何志偉,554,0
T01,LANTAU,大嶼山,1,YU HON KWAN,余漢坤,1895,1
T01,LANTAU,大嶼山,2,LAU KING CHEUNG,劉敬彰,653,0
T01,LANTAU,大嶼山,3,YUEN YUK WAH,袁玉華,727,0
T01,LANTAU,大嶼山,4,TAM SAU NGOR,譚秀娥,486,0
T02,YAT TUNG ESTATE NORTH,逸東邨北,1,LEUNG HON WAI,梁漢威,900,0
T02,YAT TUNG ESTATE NORTH,逸東邨北,2,TANG KA PIU,鄧家彪,3061,1
T03,YAT TUNG ESTATE SOUTH,逸東邨南,1,LO KWONG SHING ANDY,老廣成,2001,0
T03,YAT TUNG ESTATE SOUTH,逸東邨南,2,KWOK PING,郭平,2469,1
T04,TUNG CHUNG NORTH,東涌北,1,FU HIU LAM SAMMI,傅曉琳,1929,1
T04,TUNG CHUNG NORTH,東涌北,2,YU CHUN CHEUNG PETER,余俊翔,1897,0
T05,TUNG CHUNG SOUTH,東涌南,1,WONG CHUN YEUNG,王進洋,1917,0
T05,TUNG CHUNG SOUTH,東涌南,2,CHOW HO DING HOLDEN,周浩鼎,2161,1
T06,DISCOVERY BAY,愉景灣,1,CHIU TAK WAI,趙德威,860,0
T06,DISCOVERY BAY,愉景灣,2,YUNG WING SHEUNG AMY,容詠嫦,1176,1
T06,DISCOVERY BAY,愉景灣,3,HU ZILIANG,胡子良,113,0
T07,PENG CHAU & HEI LING CHAU,坪洲及喜靈洲,,TSANG SAU HO JOSEPHINE,曾秀好,0,2
T08,LAMMA & PO TOI,南丫及蒲台,,YU LAI FAN,余麗芬,0,2
T09,CHEUNG CHAU SOUTH,長洲南,1,LAM KIT SING,林潔聲,460,0
T09,CHEUNG CHAU SOUTH,長洲南,2,LEUNG KWOK HO,梁國豪,838,0
T09,CHEUNG CHAU SOUTH,長洲南,3,KWONG KOON WAN,鄺官穩,1487,1
T10,CHEUNG CHAU NORTH,長洲北,1,LEE KWAI CHUN,李桂珍,1681,1
T10,CHEUNG CHAU NORTH,長洲北,2,KWONG WAI KUEN,鄺惠娟,480,0
